{
  "passPageSalt": "@Unipart&SuiteCRM-GDPR-Plugin-Password-Page-Salt-Change-Me!",
  "styles": {
    "fontawesome": "<link rel=\"stylesheet\" href=\"https://use.fontawesome.com/releases/v5.8.1/css/all.css\" integrity=\"sha384-50oBUHEmvpQ+1lW4y57PTFmhCaXp0ML5d60M1M7uH2+nqUivzIebhndOJK28anvf\" crossorigin=\"anonymous\">",
    "bootstrap": "<link href=\"https://stackpath.bootstrapcdn.com/bootstrap/4.3.1/css/bootstrap.min.css\" rel=\"stylesheet\" integrity=\"sha384-ggOyR0iXCbMQv3Xipma34MD+dH/1fQ784/j6cY/iJTQUOhcWr7x9JvoRxT2MZw1T\" crossorigin=\"anonymous\">"
  },
  "scripts": {
    "jquery": "<script src=\"https://code.jquery.com/jquery-3.2.1.slim.min.js\" integrity=\"sha384-KJ3o2DKtIkvYIK3UENzmM7KCkRr/rE9/Qpg6aAZGJwFDMVNA/GpGFF93hXpG5KkN\" crossorigin=\"anonymous\"></script>",
    "bootstrap": "<script src=\"https://stackpath.bootstrapcdn.com/bootstrap/4.3.1/js/bootstrap.min.js\" integrity=\"sha384-JjSmVgyd0p3pXB1rRibZUAYoIIy6OrQ6VrjIEaFf/nJGzIxFDsf4x0xIM+B07jRM\" crossorigin=\"anonymous\"></script>"
  }
}